supplierId,supplierName,supplierEmail,supplierSharePrice
15995,Katherine Johnson,rscott@example.org,7640.12
36715,Matthew Cummings,wellscheryl@example.com,4063.63
22430,Melissa Mills,butlerleslie@example.org,2863.81
11702,Pamela Martin,floresnicholas@example.org,2404.59
36239,Jared Johnson,ashlee47@example.org,9400.88
43356,Virginia Bond,jcantrell@example.net,4585.77
39055,Felicia Hill,veronicagomez@example.org,326.28
49609,Allen Curtis,tgray@example.org,7146.59
37012,Christina Turner,megan76@example.net,4486.69
45519,Mary Torres,jonathanchavez@example.com,1202.66
31453,Michael Keller,schmittbrandon@example.com,3445.82
45538,Sarah Rodriguez,ghunt@example.org,6641.91
17038,Brenda Nash,james51@example.org,6629.3
33192,Elizabeth Harris,cpugh@example.com,6383.9
26944,Peter Hayes,michaelmaria@example.com,541.33
5988,Alan Clark,frodriguez@example.net,5973.86
19088,Tracey Stephens,jerrywells@example.org,6918.47
20405,Jeffrey Nielsen,colton52@example.net,4508.63
34723,Cynthia Sawyer,johnsonbryan@example.com,5353.06
33909,Timothy Montgomery,clarkematthew@example.com,8741.93
37035,Randy Villarreal,rfuentes@example.net,6976.24
48234,Danielle Johnson,megan92@example.com,5685.67
46324,Jacob Moore,sarah76@example.org,7066.61
37404,Nicole Lozano,igordon@example.org,4800.2
32302,Shannon Jones,cynthiasummers@example.com,5443.37
18780,Sheila Johnson,rodgerschristopher@example.org,445.77
1885,Daniel Barnes,adamsfrederick@example.com,7619.11
6009,Kevin Pierce,tammynelson@example.org,3429.02
40637,Jennifer Schultz,jerrysteele@example.org,3070.33
50435,Karen Duran,victoria76@example.org,9148.72
22185,Kelly Smith,dburton@example.org,4483.2
3911,Willie Frost,walter71@example.org,5577.79
33444,Pamela Hall,scott74@example.org,832.45
14829,Amanda Greer,gonzalezdanielle@example.org,6151.09
17920,Jesus Fitzgerald,rdalton@example.org,3057.39
18372,Daniel Fuller,sandra37@example.org,5364.39
36137,Randy Bell,evanspaige@example.com,5685.14
19363,Lindsay Baker,ibrown@example.com,7182.54
44348,Jacob Smith,mark67@example.net,7699.88
16452,Brittney Lane,patricia49@example.com,8847.92
48565,Michael Velez,uhenry@example.org,7303.33
10702,Matthew Caldwell,georgedavis@example.com,9760.9
33657,Aaron Bryant,dylan91@example.com,4462.57
20484,Richard May,samanthakidd@example.net,4231.7
14396,Christopher Hill,emills@example.com,2581.93
33469,Emily Valencia,sally90@example.com,1440.05
24920,Adam James,codysanchez@example.net,9951.9
43485,Lindsay Daniel,sonyagray@example.com,2451.22
4325,Justin Wheeler,josephle@example.net,8779.18
14040,Kyle Gamble,millerjames@example.com,4140.64
8461,David Petty,millercolleen@example.net,7565.82
25852,Russell Owens,qbriggs@example.com,6599.22
10047,Jessica Simpson,anthony65@example.com,4427.63
10830,Angela Wright,dcrawford@example.com,1839.87
10366,Michele Cook,efoster@example.net,2515.43
48078,Timothy Morgan,nelsonbrian@example.com,9248.01
27823,Michelle Ruiz,ruth43@example.net,4897.08
3417,Karen Madden,caleb55@example.net,5242.42
16080,Connie Riddle,millerwilliam@example.org,5922.86
43706,Dennis Reyes,kim53@example.com,1258.39
46594,Christopher Mcdonald,huntgary@example.org,1693.97
48351,Martha Smith,bmcdonald@example.net,5166.41
19148,Jennifer Holmes DVM,savannahfrancis@example.org,6762.17
14182,Ryan Anderson,zhall@example.net,4559.56
13608,Harry Dunn,jasminejoseph@example.org,5111.25
48874,Mary Holt,byrdgary@example.net,6526.05
47088,Peter Christensen,jasonhall@example.net,4493.11
3940,John Shaw,davisjackie@example.com,9551.38
20739,Jonathan Harris,asmith@example.org,9064.23
43089,Elizabeth Bush,deborah69@example.com,2024.37
18623,Rebecca Rivera,pcallahan@example.net,2452.09
4982,Alexander Rocha,kimberlydavis@example.com,2657.19
28443,Erik Myers,cohenruben@example.com,5240.93
49219,Jacob Allen,kingbradley@example.com,4828.88
39741,Joseph Forbes,garycombs@example.com,3355.65
33193,Marc Tucker,jillmiller@example.com,4654.1
13725,Alan Green,kevinrich@example.org,8058.32
19530,Mrs. Kelly Glass,haneyalexandra@example.org,3621.42
17817,Thomas Chapman,flynnkimberly@example.org,9563.0
6445,Nicholas Stewart,julie63@example.com,712.3
17861,Joe Levine,patriciavelasquez@example.com,7475.15
40944,Alicia Welch,rileyavila@example.org,5143.08
42675,Lisa Robinson,stewartandrew@example.org,8896.93
19148,Richard Martinez,louis31@example.net,4074.7
13536,Larry Le,proctorhelen@example.com,2888.74
27009,Christopher Kent,krios@example.com,3993.9
39510,Michael Berry,john02@example.org,8936.86
20902,Tammy Wright,stevensonnathaniel@example.net,2883.88
50948,Sarah Proctor,lutzkelsey@example.com,8203.16
18588,Robert Robinson,sheri98@example.org,3047.32
19820,James Butler,kthompson@example.org,9289.25
6445,Tiffany Smith,hawkinsnicholas@example.net,2929.81
3496,Jennifer Mccann,beverlylee@example.org,7184.38
11879,Brian Holt,lauren89@example.org,7918.98
34488,Paul Wong,shirley54@example.net,4120.88
50641,Megan Riley,christinamcdonald@example.net,2137.72
9634,Joseph Kemp,erika09@example.com,1559.41
41861,Kevin Lewis,garyramirez@example.net,8789.57
33382,Nicholas Morrow,erin43@example.org,2606.43
1727,Laura Green,jacksonrussell@example.com,1367.62
43348,Willie Silva,samantha03@example.net,3065.72
17179,Robert Wood,prattlaura@example.net,6059.37
46016,Dylan Thomas,debrabrown@example.org,4979.4
41787,Brian Smith,ashley56@example.org,5181.3
25548,Robert Bush,sharonhanson@example.net,5785.36
11025,Jennifer Stone,garciaashley@example.com,9250.06
48727,Austin Lam,hannaharnold@example.org,2683.03
48960,Scott Rodriguez,matthew10@example.org,6136.49
12790,Justin Brown,shunter@example.org,3353.18
25714,Colin Maxwell,david82@example.org,5150.65
37057,Bryan Avery,gillespiericky@example.org,8241.48
24657,Jacqueline Cline,bakerariana@example.net,8900.52
4071,Ashley Taylor,lisa14@example.org,3903.36
14533,James Montes,jlong@example.net,7608.15
6092,Tonya Rivera,blackryan@example.com,2840.71
22041,Jacob Myers,adamsloan@example.org,9683.66
29818,Aaron Cox,brandon84@example.com,4448.73
50736,Eddie Harris,dgonzalez@example.org,4955.16
25462,Henry Anderson,tsmith@example.net,6136.98
3369,Teresa Henderson,rhondabeasley@example.org,2122.66
14209,Jerry Navarro,adam72@example.net,2359.47
30572,Lauren Andrews,lisacarr@example.net,4745.79
47447,Sheri Miller,awilliams@example.org,9450.65
16300,Betty Hall,nathanwise@example.org,8509.8
32344,Austin Wilson,davidsutton@example.com,8130.91
6696,Amanda Bennett,richard51@example.org,6909.33
15492,Karen Williams,jonathansmith@example.org,6545.08
50172,Alexis Ramirez,kimberly63@example.com,3787.25
49582,Tiffany Evans,mcgrathjoseph@example.org,9426.51
29586,Michelle Richardson,yfisher@example.com,108.74
37786,William Schmidt,perezjeffrey@example.net,8157.95
19441,Sarah Roberts,latoyasaunders@example.com,5662.41
15970,Ryan Young,barronerik@example.org,1341.05
45786,Sherry Thompson,alexandertyler@example.com,9898.01
47941,Jeremy Hernandez,kimberlywilliams@example.net,8701.61
49658,Michael Campbell,robert79@example.org,5483.71
11344,Brooke Smith,julie36@example.org,4221.47
41941,Glenda Rose,umason@example.com,4383.07
48740,Christine Willis,zwood@example.net,6800.98
28352,Bill Ryan,thomas85@example.net,6090.15
12514,Leonard Erickson,lisa38@example.org,6539.56
42209,Danielle Santiago,williamscrystal@example.net,5618.0
9906,Karina Ray,nicholaspatterson@example.com,4750.62
35245,Laura Willis,samuel47@example.org,4570.76
48955,Kenneth Collier,zwhite@example.net,5101.01
9583,Bradley Johnson,daniel83@example.com,5219.59
36433,Joanne Shepard,orose@example.org,8885.23
27878,Stephen White,rebecca48@example.org,5500.38
27941,Jennifer Solomon,tiffany05@example.org,5631.78
19487,Andrea Johnston,pachecogary@example.org,803.01
3658,Patricia Clark,mariah79@example.net,2200.16
15145,James Phillips,hornjacob@example.org,4326.7
28453,Jamie Clark,nathansantiago@example.net,9345.15
31019,Angel Mcgrath,torrescassandra@example.net,2410.24
30190,Jeffrey Smith,gregorykathy@example.org,8828.08
33331,Nicholas Martin,ysmith@example.org,663.77
46744,Barbara Hall,palmercharles@example.com,7692.56
36099,Megan Kirk MD,cgonzalez@example.org,5152.14
36137,Michael Mercer,cooperrebecca@example.net,7928.99
44117,Robert Cortez,conwayjoshua@example.com,4121.03
8464,Regina Morales,downsjoseph@example.net,9332.01
42391,Edward Williams,elizabethhorton@example.org,6237.48
40872,Christina Brown,lisaphillips@example.com,5590.85
6201,John Brooks,hthomas@example.net,1082.87
15483,Dale Williams,nphillips@example.org,8848.15
42044,Jared Salinas,lramirez@example.net,753.2
42492,Amanda Henderson,andrewbaker@example.com,8729.11
31465,Robert Parsons,jeffreywhite@example.org,8636.75
30764,Christina Moore,tgreene@example.net,9018.29
13962,Laura White,tracyfrancis@example.com,8113.91
15450,Kimberly Blackwell,ronaldlarson@example.org,3092.29
5885,Sean Kim,dmiller@example.com,9118.95
14051,Charles Aguirre,sydney99@example.com,9265.26
24667,Marie Perkins,tracymadden@example.org,1739.66
24780,Michael Nixon,robinsonjo@example.com,133.57
35497,Jason Evans,tamara41@example.org,633.84
23826,Russell Norman,katrina58@example.net,2609.74
42988,Amanda Hicks,harriskarla@example.com,3039.95
39416,Joe English,heatherestrada@example.net,323.3
30475,Ellen Morgan,ctaylor@example.com,1069.39
36819,Erin Williamson,austin72@example.com,4926.98
44733,John Reed,kevin59@example.org,4133.37
5410,Terry Lee,qblackburn@example.net,7719.5
23726,James Mcdonald,ibrewer@example.net,7580.32
42133,Shannon Hernandez,stokesdavid@example.com,8601.36
18199,Audrey Boyd,joshuakemp@example.net,6378.66
23428,Michael Soto,iyoung@example.net,8732.23
31647,Sarah Kidd,bkramer@example.net,6634.65
39083,Heather Chambers,melissa80@example.com,370.71
46543,Emily Garza,wjacobs@example.org,7609.67
27914,Matthew Faulkner,reynoldsshannon@example.org,6578.66
4189,Jennifer Hooper,ghartman@example.org,5031.39
39195,Gregory Miller,danielle02@example.org,1136.58
45590,Belinda Richard,piercegary@example.com,6992.63
24648,Alexander Fernandez,michellegraham@example.net,6332.58
31466,Helen Vargas,kenneth97@example.net,1922.84
41258,Kari Reed,gsmith@example.net,5902.76
8907,Manuel Meyer,millsedward@example.com,6029.45
45973,Emily Martinez,christopher36@example.org,2632.99
6368,Preston Burch,derrickgarcia@example.net,6890.4
27869,Margaret Lewis,lidanielle@example.org,9787.48
16890,Edward Wiley,judyevans@example.net,5693.87
11279,Chad Diaz,matthewrogers@example.net,5786.1
13607,Alexander Lopez,rachelthompson@example.com,7864.91
28061,Sara Bullock,morrisonpaul@example.com,5497.25
30785,Nathan Simmons,schwartzscott@example.org,6707.64
38066,Kimberly Garcia,jesse96@example.org,7785.6
35423,Mark Stevens,daniel96@example.net,9397.15
22382,Patrick Mathews,nchan@example.org,9702.1
2529,Danielle Johnson,frank67@example.org,2627.98
32654,Benjamin Camacho,karastone@example.org,1671.4
6521,Matthew Cruz,wendybarnes@example.net,5922.41
23990,Melissa Peters,nguyenlucas@example.org,9943.06
9441,Laura Merritt,thomasmccormick@example.com,5118.31
19083,Sara Sutton,howardcrystal@example.com,2113.49
36138,Christine Bell,jennifermiller@example.org,9479.26
26537,Leslie Lucero,umercado@example.net,9349.67
50345,Susan Bradford,douglas60@example.org,2184.74
47888,Cory Decker,gferrell@example.org,8849.33
44516,Theresa Woodward,sullivandale@example.org,4546.97
38841,Beth Arnold,vaughnchristopher@example.org,6062.42
1030,Janet Sparks,madisonlowe@example.net,9645.81
36989,Dr. Tonya Brooks,amber18@example.com,8976.62
6874,James Collins,donald20@example.net,950.82
20106,Melissa Baird,cstanley@example.org,1618.78
29012,Michelle Ramos,butlerjay@example.net,9251.95
16095,Gregory Peterson,sjohnson@example.com,9073.73
50634,Christopher Norton,barrmichael@example.org,1405.72
5270,Ashley Fleming,cartertyler@example.com,1471.42
11452,Brian Shields,levineandrew@example.net,3355.43
16997,Michael Ross,jcook@example.net,6042.5
24410,William Rivera,phillip20@example.net,5433.01
16936,Scott Malone,conleycaitlin@example.com,7720.01
31046,Joshua Wolfe,rachelhenry@example.com,6779.01
3359,Samantha Lopez,meadowsarthur@example.org,3373.79
23716,Justin Garcia,morrisdebbie@example.net,8957.44
11722,Mike Smith,colleen07@example.net,6929.91
14126,Lindsey Zavala,shannonmatthews@example.com,5676.14
32931,Chris Vaughn,burchbrandon@example.net,1678.57
13082,Robert Mata,brian12@example.com,7100.09
35257,Jessica Williams,kelleysydney@example.net,5985.97
44953,Robert Adams,gwest@example.net,6699.19
40952,Sylvia Moran,sweeneyjenny@example.com,8239.05
12491,Garrett Burke MD,stevenharris@example.com,7443.71
34664,James Benitez,xwells@example.com,5241.77
35257,Elizabeth Newman,usmith@example.com,9296.31
43857,Charles Jimenez,frances55@example.net,747.66
39775,Justin Davis,uhowell@example.net,4296.39
25916,David Coleman,jameswilliams@example.org,9240.28
41852,Matthew Bautista,iramirez@example.com,8315.01
39647,Michelle Taylor,batesjade@example.com,9389.31
3163,Jonathan Smith,burnsrobert@example.net,5873.9
41376,Daniel Chandler,kenneth77@example.org,2375.1
39224,Justin Phillips,jrice@example.com,3851.0
6653,Mindy Martinez,joshua84@example.com,3610.17
2164,David Johnson,nbarnes@example.org,9116.78
3800,Daniel Gutierrez,mwall@example.com,5632.26
40267,Melissa Holder,pam36@example.net,2619.9
29760,Christian Shields,zfrancis@example.org,4105.27
37013,Veronica Phillips,matthewrobbins@example.com,2230.41
16761,Kristy Banks,pkelly@example.org,6836.9
12000,Shannon Fuentes,tmason@example.net,6229.94
13291,Brian Ramos,jason92@example.com,1668.98
4067,Scott Vega,butlersamuel@example.net,8022.97
34269,Garrett Brooks,andrew86@example.com,535.26
13798,Albert Scott,josecrawford@example.org,5178.13
32784,Glenda Wolf,jeffgreen@example.org,4385.74
10963,Mckenzie Collier,codybaker@example.net,7107.9
44426,Susan Sampson,ewingmelissa@example.org,1.9
43095,Xavier Clements,ashleyhansen@example.org,9381.07
26791,David Martinez,gschmidt@example.com,7153.62
42121,Andrew Soto,angelabennett@example.net,9916.07
44237,Blake Parker,jjones@example.com,2378.25
32485,Tony Williams,patrickcopeland@example.org,6950.31
21901,Tiffany Barrera,monicamiller@example.com,5487.31
15439,Dawn Pennington,ericawoods@example.net,3037.49
3433,Susan Spencer,harrelltheresa@example.org,2702.61
11587,Edward Williams,fbutler@example.net,2857.68
24697,Edward Hodges,williamsmelanie@example.org,6214.63
21071,Connor Moore,jessecharles@example.net,7333.1
49653,Ashley Barrera,jasmin05@example.net,8112.1
44032,John Jones,ramirezlindsay@example.net,7697.57
28848,Jaime Ingram,brooksmark@example.com,9137.31
34644,Scott Camacho,gonzalezmegan@example.net,9057.33
11877,Richard Miller,dorothywilliams@example.net,9743.89
40005,Ronald Acevedo,reneewells@example.org,4183.39
41822,Jesse Stanley,jennifer31@example.com,2957.87
36799,Michele Haynes,jacksonmelanie@example.com,5397.45
22398,Jennifer Hawkins,smithbrett@example.com,1286.98
5571,Eric Fox,ujones@example.org,3868.35
30344,Kristi Wood,martinezisaiah@example.org,8493.94
1095,Kenneth Burke,douglas56@example.com,7836.7
10874,Vanessa Davis,kristen88@example.com,6174.99
6606,Cynthia Warner,tiffany45@example.org,1747.46
44394,Matthew Fisher,tararodriguez@example.org,1579.77
7859,Erica Medina,harrisdaniel@example.com,121.48
38802,Mark Taylor,lward@example.org,2536.03
40830,Lori Norris,goodjuan@example.org,6631.33
10992,Amber Flores,johnsonjames@example.net,4222.12
43841,Timothy Austin,taylorshawn@example.org,8427.03
37483,Jesse Rogers,ctaylor@example.com,5584.1
30870,Helen Simmons,sanchezsharon@example.org,1852.48
39551,Jeremy Williams,deborahcoleman@example.org,436.27
4336,Curtis Walker,brookefox@example.com,6978.75
16483,Michael Carter,parkerrachel@example.com,9709.88
19884,Frank Buchanan,timothylin@example.com,4442.15
7729,Aaron Miller,martinezshelby@example.com,6385.35
8231,Nicholas Hernandez,wendynixon@example.com,1554.47
48096,Ronald Sellers,dunnchelsea@example.org,6057.15
5162,James Carroll,nicholas38@example.net,9974.12
21803,Melanie Roman,caroline31@example.org,7883.45
6311,Mark Williams,john82@example.org,5967.73
13039,Ricardo Medina,rnunez@example.net,3785.62
31409,Steven Sandoval,robertsmith@example.org,2163.84
5818,Scott Gray,powellchristopher@example.org,5533.07
36437,Ariel Romero,eric86@example.org,2619.53
14440,Alex Ramirez,griffithjacqueline@example.com,4942.58
34592,Michael Hunt,wbeck@example.org,8898.0
12466,Luis Schultz,kimberly14@example.org,3208.53
2361,Sara Brown,ogreen@example.org,6757.06
35405,Juan Fisher,meganhendrix@example.net,6.01
35294,Jason Henry,michael13@example.com,2637.05
43255,Benjamin Mcgrath,ztucker@example.org,5891.74
49596,Gabriel Shea,jasonromero@example.net,9381.39
47323,Stacey Rodriguez,sarahmartinez@example.com,6873.37
16423,James Snyder,whiteamy@example.org,5984.41
21265,Scott Hawkins,haastammy@example.com,974.83
2818,Amy Richards,daniel96@example.com,654.4
21978,Sergio Mathis,saraparker@example.net,8565.91
5099,Shawn Hawkins,alexanderjenkins@example.org,652.09
13264,Kathryn Johnson,wgardner@example.net,5547.41
2744,Michael Patel,uflores@example.org,5346.17
11179,Christine Adams,christinalivingston@example.org,4441.12
27320,Kurt Montoya,rangeldaniel@example.com,7643.75
46694,Brent Marshall,martintimothy@example.org,7737.85
35623,Dr. Jeffrey Charles,cookdavid@example.org,5988.68
18556,Kelly Wade,xmeyer@example.com,9013.62
17288,Victoria Fisher,zpeters@example.com,6349.67
23769,Lauren Shepard,rgordon@example.com,7543.14
31905,Morgan Vance,john88@example.org,6435.25
11662,Cindy Thompson,christopher01@example.net,2845.34
8465,Karen Harris,angelacooper@example.net,1050.07
29163,Steven Perez,kayla72@example.net,2347.82
15116,Joseph Woodard,alvarezcarrie@example.org,5431.96
23609,Laura Rangel,charlesstevens@example.net,7943.55
18209,Alexandra Marsh,msmith@example.com,3818.88
15466,Joanna Mckinney,johnalvarado@example.com,9255.33
18501,Mary Beltran,jacobjones@example.com,8670.22
7188,Brittany Phelps,ilong@example.org,3057.23
6914,Jeffery Ramos,kellyjudith@example.com,425.92
41693,Gina Suarez,ghernandez@example.com,9885.25
14695,Matthew Gordon,fpineda@example.com,7713.27
5514,Nichole Cooper,markfloyd@example.com,2246.65
28028,Bobby Hodges,rdeleon@example.org,6649.14
42538,Keith Webb,brandy98@example.net,6950.28
2031,Mr. Wesley Mccarty,lhughes@example.org,8382.79
17377,John Nguyen,justin13@example.com,2162.72
50209,Adriana Smith,jenniferolson@example.net,6818.96
44287,Allison Nichols,dburch@example.com,9354.74
33971,Jamie Wyatt,bdouglas@example.com,4749.08
36652,George Mason,david35@example.org,3236.13
5732,Candice Sherman,kmckinney@example.com,4899.11
17335,Dr. Ashley Griffin,jamesvalerie@example.org,808.07
28252,Susan Newman,johnrose@example.org,2663.15
49261,Kevin Rios,lawsontracey@example.com,3100.35
23847,Max Silva,ronald94@example.com,3694.59
43512,Randy Pittman,timothycurry@example.com,1304.15
35747,Robert Pollard,claytonprice@example.net,6060.29
16530,Richard Gonzalez,scott71@example.com,3843.7
23113,Belinda Tate,fosterkathleen@example.com,8948.18
28215,Michelle Holmes,scott07@example.org,4696.19
7419,Cory Hill,robert56@example.net,746.97
10566,Jonathan Shaffer,jennifer80@example.org,9770.03
49332,Breanna Kirby,bgallegos@example.net,4679.85
18415,Jonathan Marshall,lisacrawford@example.net,9152.4
13566,Dennis Griffin,paige19@example.org,7703.63
10757,Kenneth Yang,max23@example.org,2849.73
41689,Nicholas Pham,jamescollins@example.com,4701.78
9231,Katie Valdez,beckmanuel@example.net,7439.0
5342,Lauren Johns,esmith@example.com,817.87
49550,Kimberly Duncan,redwards@example.net,2556.06
46769,Elizabeth Lam,ariana58@example.net,3174.16
29179,Max Powers,phawkins@example.net,8714.96
7815,Evan Clark,wcole@example.com,6808.32
37896,Stephanie Quinn,fmoore@example.org,8986.28
18187,Brian Guzman,joyce52@example.org,782.0
15414,Diana Johnson,freemantracy@example.net,4722.75
45221,Karen Kelley,lawrencetammy@example.net,280.45
46416,Alan Sharp,brownglen@example.net,3081.22
32407,Darryl Johnson,lindseygomez@example.org,1090.3
9279,Mike Patrick,james92@example.com,5235.67
6060,Melissa Morgan,efernandez@example.net,595.37
49385,John Terry,dortiz@example.org,9464.82
49192,Elizabeth Chapman,francisco40@example.org,9377.18
34219,Adam Murray,richardrogers@example.net,7401.17
42900,Kim Holden,wgonzales@example.org,3061.25
19385,Stephanie Aguilar,janetbarber@example.org,5593.81
4151,Deborah Wu,stephen68@example.net,9297.61
7980,Joshua Arellano,edwardfernandez@example.com,1522.56
19278,James Rasmussen,morrisjanice@example.net,636.23
19825,Lauren Nichols,nathan55@example.org,3813.95
36324,Joshua Pope,umarquez@example.org,4504.47
41827,Kevin Mays,christopher50@example.net,7325.06
31771,Oscar Grant,mayerkristin@example.com,5689.91
25416,Megan Rodriguez DVM,christinedillon@example.org,1878.41
36684,Jack Harris,jmartinez@example.net,9020.89
25619,Jasmine Herrera,mspears@example.com,3649.89
16578,Ronald Jones,cameronyoung@example.org,647.02
17026,Christina Crawford,amber54@example.com,988.71
33275,Mrs. Carla Benson,kevincrawford@example.net,582.23
18332,Shannon King,ericlee@example.com,489.65
3932,Kelly Edwards,matthew55@example.org,1543.08
36854,Sean Little,danielerika@example.com,1415.73
20504,Zachary Smith,kennedymorgan@example.org,8935.91
21420,Ashley Hicks,crogers@example.net,3136.82
1797,Gary Richardson,reginald30@example.com,1305.29
21817,Sheila Sanchez,kristyramsey@example.org,8340.14
18796,Melanie Lee,hortonlarry@example.org,3068.43
2650,Grace Chambers,austinsydney@example.org,5291.34
6954,Mark King,gomezchristina@example.net,3004.01
44002,James Williamson,trichmond@example.org,2181.22
29135,Kevin Hoover,lisagarner@example.org,4157.29
38990,Hannah Nichols,chanterry@example.com,357.86
48745,Miranda May,carolynmclean@example.net,3160.48
14504,Elizabeth Hutchinson,pottskathryn@example.net,2415.02
46359,George Diaz,phicks@example.com,2460.54
27235,Amanda Pace,maria43@example.net,4821.67
39742,John Walton,scott35@example.com,1123.72
5127,Amanda Lloyd,grace93@example.com,3899.39
3476,Misty Moore,staceystout@example.net,8246.38
41429,Pamela Owens,cscott@example.net,2770.37
15390,Henry Robinson,cortezjustin@example.net,3408.82
4479,Brianna Thomas,dhancock@example.com,7776.45
25339,Ashley Clarke,johnstewart@example.org,8992.8
17294,Anthony Stewart,nicole10@example.com,2412.95
48770,Raymond Terrell,josephanthony@example.org,3405.5
39791,Brenda Houston,wstewart@example.net,9027.44
42914,Jean Garcia,lisa31@example.com,2110.55
22637,Sydney Roberts,rodgersautumn@example.net,8545.58
42584,Angela Tran,griffithdawn@example.com,9195.91
14879,Teresa Thompson,zhart@example.com,9820.56
21210,Laura Morrow,collinslauren@example.net,300.06
36932,Thomas Lang,xwilkinson@example.org,6645.4
7737,Patricia Brown,qstone@example.com,7971.29
28166,Sylvia Davis,claudiawagner@example.org,3594.41
43867,Ashley Snyder,hthompson@example.org,4331.46
21779,Misty Cross,matthewwebb@example.org,3075.01
37875,Patrick Walsh,atkinsmallory@example.com,9419.06
31039,Mary Henderson,andersonrachel@example.org,3380.3
22051,Traci Ingram,bill17@example.com,9546.94
3919,Steven Wolf,kayla21@example.org,8773.78
38669,Wesley Cannon,cfarrell@example.org,6202.33
35341,Timothy Bradley,kristadavis@example.org,4080.58
26087,Dominic Owen,cameronjones@example.org,2575.75
32423,Laura Allen,cabrerakayla@example.com,2019.6
41302,Eugene Hart,greenamanda@example.net,6818.7
25397,Denise Olsen,stephanie42@example.net,4029.2
50642,Lorraine Berg,heatherfletcher@example.org,8596.1
3718,David Velez,justin13@example.com,7349.79
19848,Jennifer Cortez,baileymelissa@example.net,423.8
38230,Ronald Tucker Jr.,jponce@example.org,5671.21
21337,Ronald Gonzalez,janet35@example.net,722.59
25309,Christine Simmons,marshcindy@example.org,2394.27
31276,Kyle Ayers,vcuevas@example.net,5915.99
7299,James Bowen,smithjoshua@example.net,4543.78
9469,Jessica Long,jeremy19@example.com,1953.65
7668,Jerry Davis,jessicajones@example.org,3805.01
47362,William Taylor,bryanwright@example.com,9670.07
22146,Jennifer Stevenson,uwright@example.org,7097.57
33835,Carla Brown,phelpstodd@example.org,3114.98
47975,Kimberly Diaz,fernandezthomas@example.net,2717.46
16852,Darren Allen,heather40@example.net,9261.3
42027,Melissa Williams,heather94@example.net,603.43
16906,Eric Valenzuela,briancarroll@example.com,868.52
25530,Richard Horton,ukim@example.net,378.6
29752,Steven Lucas,charles18@example.net,7882.01
42803,Troy Obrien,rebeccaandersen@example.org,837.3
39078,Cynthia Warren,shaun74@example.net,9733.94
34520,Tiffany Atkinson,eric02@example.com,2810.74
30432,Ricardo Irwin,smithterry@example.com,7950.86
39257,Albert Davis,tbest@example.com,7943.18
2985,Richard Christian,edwardsdanny@example.com,4743.15
3587,Autumn Jefferson,donnagomez@example.net,7902.35
13673,Jessica Daugherty,jennifer21@example.net,1655.87
18451,Todd Flores,tracicraig@example.org,9087.36
25301,Daniel Mack,harmonfrank@example.com,902.52
18427,Pam Brown,rebecca43@example.net,985.0
40583,Amanda Bates,noconnor@example.org,2915.97
45888,Terry Bell,mcintoshchristian@example.net,1655.46
24531,Michael Torres,rperry@example.com,2565.13
13693,Jermaine Brown,markwhite@example.net,8740.95
14340,Kendra Romero,krichardson@example.net,4649.92
25584,Michelle James,morganfelicia@example.com,5434.35
3461,Kevin Hernandez,ssnyder@example.net,4746.99
21648,Andrew Castillo,pcooley@example.com,8706.74
23843,John Hays,smalljennifer@example.org,6855.89
24122,Clayton Sanders,ryanclark@example.com,1829.49
15710,Elizabeth Marsh,angela75@example.com,1518.48
25092,Rebecca Thompson,jamesrachel@example.net,5187.36
42857,Joshua Juarez,johnathanstanley@example.net,2263.98
31207,Amy Sanders,awalters@example.org,9875.08
25119,Caleb Knight,sarathompson@example.net,5651.78
40847,Jonathan Miller,lbooth@example.net,8858.6
25569,Pamela Gross,gwolfe@example.com,4685.15
33184,Johnny Barnes,tkim@example.org,2945.59
13816,Jon Wade,wilsondanny@example.net,8132.09
43563,Brandy Smith,joseph48@example.com,6970.15
34615,Kevin Weaver,thomastyler@example.com,1710.85
17661,Tara Taylor,regina21@example.net,6971.37
4251,Anthony Davis,gbrewer@example.com,8627.53
47332,Christopher Ramos,josephgarner@example.org,898.67
31368,Samantha Weber,farmerantonio@example.com,9978.63
17653,Andre Morales,hwilson@example.org,7664.57
9542,James Bates,jenniferbrown@example.com,1967.88
18737,James Robbins,brittanycook@example.org,5588.48
2685,Megan Hebert,mathisdakota@example.org,1463.19
48920,Christopher Stevens,cortezjohn@example.com,242.5
27986,Shannon Phillips,chumphrey@example.com,5252.77
14034,Ashley Powell,shanewoods@example.com,8246.56
10388,Mrs. Emily Mitchell,loganalejandro@example.net,5919.75
39821,Tyler Henry,perezjessica@example.org,3268.95
11489,Michelle Carlson,johnsonamanda@example.org,7527.54
3995,Jessica Montes,dominguezjennifer@example.net,7232.26
5834,Jessica Taylor,isaiah18@example.org,8077.19
19174,Cassidy Bender,jbenton@example.com,2998.69
28714,Ellen Barrera,agarcia@example.org,8159.83
34087,Shawn Villa,mary74@example.net,7138.0
46403,Teresa Bruce,nsalas@example.com,4712.26
22117,Margaret Johnson,wilsonjoseph@example.net,1695.38
33914,Matthew Cook,royfrank@example.net,8828.21
32689,Jessica Douglas,julianguyen@example.org,7783.61
20808,John Walker,codyfernandez@example.com,1668.47
4059,Richard Barker,deanaaron@example.com,7925.3
48767,Laura Hubbard,rebeccafischer@example.com,5276.01
14259,Dr. Daniel Tucker MD,richard40@example.com,3634.27
26538,Antonio Lee,rachel31@example.com,7375.93
11462,Joshua Knight,wanda56@example.net,8935.09
31102,Megan Craig,glane@example.com,6983.45
31485,Ryan Beck,carolsutton@example.net,1232.07
31401,Christopher Randall,vernonfletcher@example.org,5301.08
41458,Michelle Brown,cmontgomery@example.net,1088.55
43694,Lori Garcia,matthew46@example.org,2529.28
4324,Stephanie Williamson,samantha94@example.com,3659.96
13147,Joe Byrd,mariamathews@example.com,3874.01
5304,Dennis Baker,alexis54@example.org,4836.28
15003,Katie Scott,dylanhaynes@example.org,1066.0
18078,Samuel Thomas,lfleming@example.com,634.94
42678,Kelsey Stewart,phillipleblanc@example.net,6250.71
20258,John Romero,diamond46@example.net,7867.27
7391,Keith Jackson,hpatterson@example.org,6160.02
33897,Laura Scott,roger87@example.com,1648.34
27653,Carly Williams,johnsontheresa@example.org,9359.69
43884,Misty Horton,alan58@example.com,6322.62
1522,Steven Williams,william78@example.net,1368.78
2857,Gloria Forbes,breannawilliams@example.com,6751.61
2217,Peter Smith,larryjones@example.org,1982.95
6968,Randy Barnes,hallelizabeth@example.org,6734.11
35575,Charles Wilson,pwilliams@example.org,7942.99
48162,Sarah Rice,carolynwhite@example.com,7402.97
46981,Victoria Lee,melissasparks@example.net,3755.82
19972,Amy Wilson,franklinho@example.net,6431.22
47534,Jon Nguyen,rwilliams@example.net,3317.88
23791,Stacy Parker,jacksonsimpson@example.net,6252.78
35663,Jeffrey Williams,leonard10@example.net,1634.42
10755,Christopher George,kathryn45@example.org,5663.37
41907,Lori Lopez,catherine82@example.net,8915.68
34501,Kevin Hurley,sally11@example.com,3756.31
7013,Jason Anderson,alanharris@example.net,6400.53
1966,Richard Harvey,hernandezterri@example.org,6573.31
25872,Mary Jones,rallen@example.com,2543.27
23427,Joshua Willis,marymitchell@example.org,702.5
34514,Duane Leon,gavin03@example.org,4284.95
17103,Aaron Barr,hillvirginia@example.com,8113.03
20929,Angela Parrish,vspencer@example.org,1893.3
16805,Jennifer Griffin,zsmith@example.org,4764.4
12240,Jessica Miller,cynthiaclark@example.com,5297.81
41875,Donna Cervantes,ann63@example.org,6505.18
22219,Samantha Hill,cynthiadominguez@example.org,9803.96
35920,Kevin Davis,jameswilliams@example.org,9708.62
18199,James Carter,jerry03@example.net,3346.13
2823,Michael Petersen,cblanchard@example.net,3712.72
7408,Cory Fisher,edwin30@example.org,7758.68
4945,Alyssa Webb,clarkcasey@example.net,6772.68
9866,Denise Woodard MD,turnerpatrick@example.net,487.43
2230,Danielle Long,wbean@example.com,3303.18
19125,Lori Montes,rrodriguez@example.net,3565.66
30568,Emily Dodson,turnercatherine@example.org,8719.75
6570,Carlos Freeman,jpowers@example.com,8966.81
18586,Mr. Angel Ochoa,wernertammy@example.org,4409.53
11020,Michael Morton,conniesullivan@example.net,2193.67
15235,Daniel Jones MD,jeffrey53@example.org,3036.71
10647,Joy Johnson,mthornton@example.org,7339.99
7928,Heather Rosales,freyjacqueline@example.org,1113.3
37742,Jessica Glenn,ponceraven@example.com,3010.23
38693,Michael Tran,jaredmolina@example.net,8925.52
25961,Roberto Powell,joshuagreen@example.net,3337.56
37968,Mr. Johnny Walsh,mrussell@example.org,4532.23
31467,Ernest Barrett,kgarcia@example.com,6820.92
50189,Corey Lewis,krodriguez@example.net,4649.89
6470,Taylor Miller,austin14@example.org,5563.09
22500,Anthony Daniels,hcarr@example.com,5115.92
26409,Joshua Edwards,pamelaparsons@example.com,6810.38
8678,Christopher Wood,anorris@example.org,2024.72
27117,Christopher Mccarthy,mejiathomas@example.org,1499.69
41592,Amy Atkinson,ygilmore@example.net,7083.52
6012,Christopher Carrillo,biancapotts@example.org,8753.32
30616,Felicia Johns,vfitzgerald@example.org,4175.13
44934,Julie Lewis,gardnerrebecca@example.org,743.26
38921,Scott Dalton,ohart@example.org,2033.74
33013,Patricia Ford,johnsonkerri@example.org,7409.47
13097,Dakota Miller,meganmartinez@example.net,303.73
22453,John Rocha,lucerobradley@example.org,2813.38
25782,Michael Clark,christinacardenas@example.com,8540.7
17546,Amy Miles,ashley17@example.net,110.37
46451,Kurt Thompson,jacksonmichael@example.org,2403.65
22457,Stephanie Hardy,william76@example.net,2034.93
27245,Andrea Sanders,jennifer60@example.com,995.2
37013,Diana Osborne,brenda38@example.com,5028.41
32365,Alexa Jones,jesse92@example.com,2769.07
40020,Timothy Franco,christopherhunt@example.org,6733.55
26698,Brian Kirk,kimberly81@example.net,6749.36
27110,Bill Roach,jamie41@example.com,7512.44
7098,Kevin Ward,hernandeztroy@example.net,7830.03
9126,Brittany Yoder,owensdenise@example.com,856.21
25371,Brett Diaz DDS,scott80@example.org,5319.04
35118,Christopher Chapman,alexandra06@example.org,3544.41
24876,Jeffrey Kelley,joneskarl@example.net,1891.13
34762,Crystal Burgess,knixon@example.com,3676.96
8987,Maria Fisher,valencianicholas@example.org,4263.41
45900,Sandra Kidd,shannonchavez@example.org,1242.6
34886,Jessica Dennis,wcurry@example.org,9465.66
4213,Joshua Turner,kevinchavez@example.org,9128.46
2434,Aaron Ayers,mark06@example.org,8893.11
9364,Jessica Cowan,kreed@example.com,9580.97
47319,Mason Bruce,justinwilliams@example.org,4804.64
31243,Sherry Osborne,mollypennington@example.com,6150.65
27525,April Sandoval,teresa21@example.org,6024.05
29144,Mark Palmer,matthew11@example.com,8439.7
36529,Stanley Gonzalez,lovebryan@example.net,6387.53
37298,Vincent Dixon,damon94@example.com,2797.88
17284,Jamie Clark,swilliams@example.net,8054.83
4339,Bryce Church,qhernandez@example.com,96.71
33020,Susan Wilcox,kathryn08@example.net,8569.54
26464,Anthony Williams,hernandezrobert@example.org,8486.08
37498,David Cunningham,zacharywade@example.net,5874.79
35002,Manuel Gonzalez,shafferpaul@example.net,4263.42
45441,Danielle Scott,david80@example.org,5379.81
6191,Karen Keith,mccarthysara@example.net,8615.8
6515,Tammy Best,mcgeejoseph@example.net,5431.13
28318,Christine Craig,kelly32@example.net,3109.03
31640,Stephen Goodwin,joshuasolomon@example.com,3747.08
47916,Diana White,sean71@example.org,3274.01
20612,James Haney,marissa74@example.org,8273.18
36239,Susan Reid,taylorelizabeth@example.net,6985.8
33853,Ashley Martin,stephaniecox@example.com,658.15
27181,Brendan Bailey,smithdeborah@example.com,5616.04
16741,Timothy Harvey,yorkthomas@example.com,4976.75
10647,Kathy Martinez,mgonzalez@example.net,7984.36
32490,Rodney Cruz,bakeranne@example.com,8839.82
45258,Christina Giles,beckersarah@example.org,4143.28
23765,Stephanie Mendez,fdominguez@example.net,3164.12
18942,Aaron Perez,jennifer12@example.com,700.16
11994,Jennifer Taylor,margaret38@example.org,6238.06
36709,Eric Sanchez,nancy73@example.com,7943.53
20935,Jessica Gross,anelson@example.org,9955.08
15879,Mackenzie Smith,nrivas@example.com,3209.06
6429,Sandra Morrison DDS,lvillanueva@example.net,3275.79
11631,Lisa Wiggins,torressara@example.net,48.85
8594,Matthew Moreno,robertapotter@example.net,339.87
37307,Eugene Woods,sallyanderson@example.org,1940.14
33111,Darren Moore,christinamorris@example.net,6152.12
39473,Samuel Rodriguez,stephen28@example.org,617.08
38132,Kristine Bartlett,joshuamiller@example.net,3275.6
20832,Kirk Everett,bassjessica@example.org,4340.9
3090,James Mueller,wallacetaylor@example.net,6266.14
41190,Dennis Duffy,jward@example.net,1778.6
43978,Gail Gonzalez,waredawn@example.org,7099.73
27860,Amy Carter,joseph85@example.org,7679.38
1297,Allison Hall,morgannelson@example.com,3466.6
34719,Stacy Morris,thomas74@example.org,3405.93
17050,Sara Baker,sotomark@example.com,5942.82
44690,Nicholas Watkins,antoniomoore@example.net,9665.96
23847,Paul Martin,nperry@example.com,4141.83
24605,Brian Waller,hugheskevin@example.com,3660.81
35664,Christopher Middleton,wvillarreal@example.com,2943.08
37626,Colleen Alvarado,williamscarolyn@example.com,3186.55
12659,Chad Little,darryl30@example.org,7509.5
38786,Carrie Murphy,haynesamy@example.com,4179.83
16796,Scott Woods,dmichael@example.org,7020.16
7311,Richard Wright,michaellopez@example.org,6246.44
42183,Philip Lopez,eugene86@example.net,3146.62
47517,Steven Bridges,wayne26@example.net,6103.49
46008,Victor Stewart,michaelgould@example.org,4864.3
47156,Shelly Richardson,beckyfowler@example.com,302.13
48788,Faith Brown,patrickpowell@example.org,2532.8
11032,Michaela Evans,gabriela00@example.com,6383.71
18788,Keith Rosario,stevebell@example.net,5100.27
15586,Johnny Snow,stephenselizabeth@example.com,9922.83
8322,Katherine Taylor,anthony89@example.com,8619.34
49095,Bailey Burton,russellcheryl@example.org,3670.25
19352,Amy Martin,reevesjustin@example.com,7394.83
1048,Destiny Garcia,jamie01@example.com,8735.69
6090,Yolanda House,omontgomery@example.net,606.65
9004,Tara Lee,dominiquerodriguez@example.com,3056.4
27975,Kenneth Bell,avaldez@example.net,4934.63
29130,Gregory Davies,hramsey@example.net,1279.64
46130,Anthony Chambers,fgibson@example.net,4847.39
31320,Denise Miller,cohenmatthew@example.org,5406.58
39827,Jennifer Thomas,zsmith@example.net,8737.29
2419,Natalie Ward,scottsamantha@example.com,5617.81
8653,Jennifer Harris,nelsonjoseph@example.net,6184.3
9385,Randy Myers,larapaul@example.org,5227.64
27852,Sara Howard,frankpeterson@example.net,4933.49
20560,Dr. Paul Johnson MD,matthew70@example.net,7667.51
43881,Kimberly Wilson,christopher12@example.org,6628.43
33393,Kelly Barnes,kristinlindsey@example.org,1067.67
12168,Ralph Davis,vsmith@example.net,2588.38
33286,Joe Buck,theresajones@example.org,9336.2
26759,Troy Warren,juliejones@example.org,121.68
26837,Arthur Whitehead,jeffrey20@example.net,5159.01
43183,Matthew Hill,williamsonjill@example.net,1903.22
37061,Dr. Brian Burke,crystalperkins@example.net,8149.26
10828,Ronald Anderson,thomaspena@example.org,5972.01
39215,Mr. Roy Mueller,danny57@example.org,2620.22
7612,Taylor Powell,richard96@example.com,6373.82
45424,Julie Garcia,kerrisimon@example.com,1827.03
47874,Jill Hicks,ryanrose@example.org,4153.84
32690,Melissa Sawyer,chapmanbelinda@example.com,2570.28
42779,Victoria Gates,fostererin@example.org,6790.04
24878,Steven Cook DDS,hardyheather@example.com,1357.44
4648,Lori Silva,amyschultz@example.com,7125.3
8370,Rachel Russell,anthony15@example.org,8087.99
4476,Krystal Gutierrez,maryshaw@example.com,1230.69
10373,Kevin Mueller,georgetran@example.net,5464.06
9462,Ashley Green,donaldvang@example.net,9882.39
15218,Gregory Stephenson,kimberly10@example.org,8300.67
20225,Herbert Munoz MD,lyonschad@example.net,1244.71
2769,Martin Dawson,nicole57@example.net,3575.56
29009,Chad Parsons,andrew40@example.org,3418.05
2306,Sherry Barrera,rogerskevin@example.org,5979.93
2275,Connie Walker,freemanjoseph@example.net,721.18
35107,Joseph Daniels,lesliecruz@example.net,4222.22
12593,Carolyn Lynch,diazcatherine@example.com,8702.39
26894,David Allen,olivia80@example.net,7810.12
23517,Christopher Contreras,sandragomez@example.net,3204.87
36701,Allison Reed,suzanne35@example.org,1289.67
9821,Jay Bowman,brittanysullivan@example.org,6330.19
14408,Ariana Parsons,judy85@example.net,3236.01
22627,Cassandra Lee,bfloyd@example.net,5201.56
42838,Catherine Johnston,elizabethibarra@example.net,2584.2
1910,Jonathan Lee,pattersonstephanie@example.net,4587.14
8056,Sheila Martin,richardturner@example.net,9064.49
16196,Antonio Moon,hwu@example.net,2194.84
49478,Christian Jensen,stephaniewilson@example.net,5158.81
43963,Devin Dennis,kroberts@example.com,2876.33
47880,Christopher Chambers,andersonrobert@example.com,685.33
33974,Kimberly Gonzales,farrelllisa@example.net,9545.46
17289,Raymond Foster,briannavarro@example.net,5153.59
44063,Betty Aguilar,kendrashaffer@example.org,5198.09
48101,Christopher Schmidt,bbenson@example.net,6231.23
32313,James Gibbs,staceyhill@example.com,8041.74
7055,Mr. Daniel Webster Jr.,calvin81@example.org,144.22
47628,Andrew Moreno,manuel66@example.com,9943.1
13425,Monica Robinson,pwilliams@example.net,2145.74
37756,Kimberly Davis,usanchez@example.org,9707.35
33233,Amanda Salas,ryan31@example.com,6366.44
41797,John Stokes,kathleencarson@example.org,4946.35
6442,Philip Carpenter,blankenshipjeffrey@example.org,9397.14
7935,David Hamilton,margaretgarrett@example.net,6666.93
33759,Jeffrey Brown,vdelgado@example.com,2155.0
46547,Marie Odonnell,christinesanchez@example.net,4644.08
23157,Katherine Mills,megan80@example.org,5465.41
25173,David Berry,brianna97@example.org,8443.73
33013,Susan Thomas,washingtondonald@example.org,4224.39
34204,Steven Young,klevy@example.org,8684.83
20767,Melissa Woods,apearson@example.org,6595.18
37421,Cindy Santos,thomas99@example.org,3898.65
41914,Kristi Todd,david88@example.net,9299.64
28060,Robert Callahan,joseph70@example.net,3167.03
44921,Melissa Bryant,ryanmorrison@example.net,7175.4
22823,Pamela White,shelleyweaver@example.org,3840.79
43939,Steven Morris,irobinson@example.net,6009.36
50975,Erika Richardson,achan@example.com,1176.12
17238,Vickie Stuart,hatkins@example.org,1967.76
42718,Joshua Waters,alexandraneal@example.com,349.74
42790,Ellen Brown,michaelconner@example.com,6348.23
34203,Antonio Campbell,kellygwendolyn@example.org,5189.42
39826,Lorraine Maynard,spencesean@example.org,9570.33
15070,Misty Williams,qblankenship@example.org,3744.16
30367,Eric Casey,nathanieljenkins@example.com,8684.82
45440,Sheri Bush,powellethan@example.net,4626.98
30902,Theresa Mendez,karenstevens@example.net,6780.55
28910,Charlotte Simpson,haneymary@example.com,63.4
47260,Troy Smith,joshuaeverett@example.com,1168.18
13052,Matthew West,lori75@example.com,8310.86
44491,Cindy Nelson MD,nancy30@example.org,5706.94
29468,Makayla Washington,ljacobs@example.com,1595.17
40680,James Spence,ericsolis@example.org,8975.86
9655,Lisa Pacheco,acostajeffrey@example.com,1759.21
36172,Allison Wilson,walterstracy@example.org,6886.97
34306,Eric Davidson,tyang@example.org,8494.19
28208,Desiree Jones,justinhicks@example.net,163.23
11337,Jonathon Carson,royarmstrong@example.net,4729.99
2646,Melissa Newman,ttaylor@example.net,3177.9
26335,Samantha Greene,frankraymond@example.com,425.3
7996,Kathleen King,zwilliams@example.org,8967.58
18818,Rebecca Lucas,darlenebell@example.net,5317.95
19670,Douglas Burke,scottmatthew@example.net,224.95
13920,Mark Foley,danielle24@example.net,673.97
9202,Victoria Davis,lesliecruz@example.com,775.98
4419,Gregory Richardson,yperez@example.net,4532.29
17812,Amy Miller,brendan80@example.net,3828.96
13350,Connie Smith,stevengonzales@example.com,4296.47
25852,Peter Gross,emily72@example.com,2821.78
30598,Robert Riley,james39@example.net,197.47
42788,Rachel Pierce,hchang@example.org,3517.35
9632,Zachary Acosta,kevincollins@example.net,3707.81
42759,Jonathan Greene,perrykathy@example.net,7741.75
1989,James Sanders,tyler97@example.com,6742.73
41175,Barbara Ramos,barkerkathryn@example.net,6896.0
35716,Caitlin Miller,kellyblack@example.org,4067.56
22531,Robert Juarez,kenneth20@example.org,9987.65
19486,Angel Johnson,keithjordan@example.org,5967.85
24857,Joshua Johnson,jacobdavis@example.org,4327.65
36667,Scott Aguirre,millernatasha@example.com,5754.09
39279,Jasmine Miller,ewright@example.org,8344.76
40386,Mrs. Mikayla Brewer,odelacruz@example.org,4622.66
28137,Steven Duffy,friedmanbenjamin@example.com,4166.58
40927,Paul Harris,ecervantes@example.org,5283.57
20906,Alisha Durham,careyjoan@example.com,4171.56
50311,Danny Adams,brownricardo@example.com,7788.13
25667,Erik Thomas,cindy27@example.org,3815.05
3352,Jennifer Perez,stacey17@example.net,9695.97
5281,John Black,davidhenry@example.net,7349.25
36609,Lisa Bautista,josephmartin@example.net,4596.28
6671,Charles Sullivan,vrobinson@example.org,2094.67
31829,Lori Anderson,julia98@example.net,2051.55
45800,Erin Hill,dixonmatthew@example.com,538.11
15550,David Nicholson,ilarson@example.net,1664.86
50994,Matthew Vaughn,kellyamy@example.org,9798.48
45226,Stephanie Michael,christopher71@example.net,354.58
34996,Stephanie Richards,ronald65@example.com,5250.1
17412,Derek Mullins,qdiaz@example.net,5546.96
31166,Susan Walker,ballardbrenda@example.net,1864.29
21924,Dominique Hanson,ericksonkatelyn@example.org,1443.22
20885,David Weber,pvalencia@example.org,7043.97
48573,Tonya Mcclure,kimberly76@example.org,7211.2
29481,Barbara Wilson,georgesherry@example.net,863.16
16190,Scott Thomas,hscott@example.com,3440.77
34027,Theresa Jackson,stephanie20@example.net,7808.3
6278,Robert Mitchell,blakesmith@example.com,2574.16
39337,Erin Conner,amber72@example.com,8431.25
32143,Willie Patton,sarah92@example.org,5721.86
6314,Alan Lewis,michelenelson@example.net,5976.05
20876,Jacob Mullins,pamelacunningham@example.com,7704.21
13538,Paul Galloway,daniel99@example.org,4054.45
24610,Molly Baker,christina13@example.org,4733.3
43943,Robert Tate,jamesford@example.com,4732.07
26285,Mr. Aaron Olsen,blairalyssa@example.net,3419.5
13272,Jeffrey Bishop,carla72@example.com,6984.03
39075,Miranda Williams,benjaminbenjamin@example.org,8238.77
7326,Pamela Estrada,dmason@example.com,9857.68
46104,Diana Herring,willie84@example.net,679.61
5091,Dakota Nguyen,ycooley@example.org,9555.63
24455,Kyle Mendoza,patriciacunningham@example.com,5937.65
9994,Valerie Simmons,cruzmichelle@example.net,3943.69
23803,Austin Sweeney,rachel40@example.org,9144.65
27080,Lisa Holland,jayolson@example.net,755.9
31871,Allison Walker,jordan15@example.com,7712.34
18135,Cassandra Haney,christina52@example.com,6710.25
16198,Patricia Fernandez,audrey25@example.org,3294.01
29803,Ronald Morrison,ashley27@example.net,7328.93
38203,Donald Martinez,robert49@example.com,1401.22
3892,John Terry,johnsoncrystal@example.com,7659.7
34258,Todd Martinez,smithmichael@example.com,7569.34
35058,Marc Fowler,trancarl@example.org,2750.09
26039,Michelle Stevens,hrichardson@example.com,5393.18
33236,Christian Cooper,wgarrison@example.net,3090.22
23247,Grace Obrien,syoung@example.org,5778.49
10006,Cristina Price,nlewis@example.com,5729.95
36083,Alfred Jones,mark79@example.com,4487.71
29840,Richard Pope,cherryangela@example.org,5036.73
43798,Gina Guzman,santosashley@example.org,6762.53
45661,Amanda Rice,jamesruiz@example.net,9867.42
15659,James Johnson,mjones@example.net,2392.32
34995,Megan Brown,sjensen@example.com,1527.33
30011,Cory Gardner,debbiegregory@example.com,2692.12
49961,Jackie Rodriguez,kimberlyfowler@example.net,6391.05
43205,Dr. Steven Ramirez DDS,mclaughlinmichaela@example.net,8615.29
48083,Wesley Carr,avincent@example.net,5485.73
38607,Mr. Zachary Wise,taylormcdaniel@example.net,8297.28
15159,James Fowler,richardbird@example.org,711.23
22694,Matthew Nelson,jamesramirez@example.org,2457.84
18690,Sierra Kerr,zwebb@example.com,2157.25
14294,Ryan Williams,brookspaul@example.net,5923.92
9212,Daniel Meyer,sylvia90@example.net,407.4
43940,Jennifer Taylor,jillwells@example.net,5801.43
39053,Sydney Williams,karenjohnson@example.com,8578.76
19384,Natalie Perkins,millsjennifer@example.org,2193.96
32708,Jason Curtis,hollyclark@example.org,3793.12
36426,Ashley Wright,john10@example.org,5099.39
41151,Joseph Ellis,connie27@example.net,1428.11
37324,Mr. Troy Williams,anthonywatkins@example.org,5246.69
24738,Derek Adams,angela86@example.com,1889.03
48072,Jerry Ward,davidallen@example.org,1512.78
2500,Jason Rodriguez,adamcunningham@example.com,2178.49
22557,Aaron Glenn,jeffrey51@example.org,2274.24
24375,Michael Flores,craigspence@example.com,6109.65
35852,Cassandra Nichols,xmiller@example.net,9078.87
46171,Angela Gonzalez,xellis@example.com,6906.05
15144,Taylor Romero,brianataylor@example.org,5420.34
28693,Jennifer Warren,bradleybooth@example.org,1112.2
39427,Kara Perry,fitzgeraldcaleb@example.org,5895.11
24769,Joshua Murphy,wilsonkyle@example.com,2533.14
10063,John Molina,yleonard@example.net,3320.71
11444,Travis Austin,shortwilliam@example.net,8232.42
28061,Jean Phillips,zcollins@example.org,1730.77
32956,Harold Pena,millerthomas@example.net,893.93
46537,Morgan Young,hodgewilliam@example.org,4636.05
23866,Sarah Ferguson,tjimenez@example.com,8747.24
15936,Vanessa Kelly,jamie55@example.com,6962.27
14524,Latoya Taylor DDS,jamesdavis@example.net,4847.31
49109,Jordan Anthony,lhall@example.org,2830.37
48608,Stephen Anderson,hcamacho@example.org,6560.97
15130,Richard Oconnell,cathythompson@example.net,444.11
19698,Traci Boyer,ericbailey@example.com,3077.13
13278,Ashlee Cannon,gsmith@example.net,8322.6
36685,Victoria Flynn,anthonychurch@example.net,8572.13
20649,Mrs. Katie Myers MD,ashleykennedy@example.com,536.73
35376,Jennifer Perez,hbennett@example.com,5011.14
3230,Angela Lamb,lewisnathan@example.org,9740.84
